<?xml version="1.0" encoding="utf-8"?>
<install type="module" version="1.5.0">
	<name>SlideShow</name>
	<author>Joomla! Project</author>
	<creationDate>April 2010</creationDate>
	<copyright>Copyright (C) 2010 - 2011 Uysys.com. All rights reserved.</copyright>
	<license>http://www.gnu.org/licenses/gpl-2.0.html GNU/GPL</license>
	<authorEmail>admin@joomla.org</authorEmail>
	<authorUrl>www.joomla.org</authorUrl>
	<version>1.5.0</version>
	<description>SlideShow</description>
	<files>
		<filename module="mod_slideShow">mod_slideShow.php</filename>
	</files>
</install>
